{"macvlan": {"throughput_runs": [[0.033407143975225324, 0.028670341897891492, 0.01824319502836097, 0.009379194898255457, 0.0314819612245838, 0.02096676108015339, 0.0209680605707562, 0.020970745028638972, 0.02097279882797724, 0.0209691502678044, 0.03146272219135042, 0.020970135091462058, 0.03146860907860486, 0.02096957018130047, 0.020967765672221222, 0.020973701476895642, 0.031456777508026834, 0.010482447296893113, 0.020979933373931635, 0.010482373594002753, 0.010484187735785052, 0.020973596455575984, 0.03147081206862587, 0.020966111395251834, 0.020971562500086128, 0.020970617538837014, 0.031464642972993374, 0.020966508697774527, 0.020969990111614666, 0.03146955291135186], [0.0307345016168862, 0.024497245541361536, 0.016162751239647388, 0.01720108760245888, 0.018766118030625167, 0.01980859985672503, 0.020331729315196726, 0.01981050211835388, 0.010481085834499972, 0.00984567641534908, 0.019813039035597297, 0.009904132274333045, 0.009902607119516084, 0.00990419130679459, 0.0203327874230005, 0.0208519506953609, 0.020389202559771055, 0.010365076729650674, 0.020854495258696724, 0.02091194583107833, 0.010482573468653552, 0.010485854375849412, 0.01048684011124803, 0.0, 0.02097416283300811, 0.020971290002522444, 0.02097154125002153, 0.020971603750334456, 0.020968835343718628, 0.010486137513590945], [0.036554606906521854, 0.01563805512273339, 0.01824510993558953, 0.020851304398105706, 0.010485655001051414, 0.020971960009231762, 0.0209696326698654, 0.010486903249633526, 0.010485351265933042, 0.020969737651492893, 0.020971625000525716, 0.020971457500186263, 0.02097345017763342, 0.0209709950131425, 0.02097187625605184, 0.010485750000009536, 0.020971603750334456, 0.010485666250838183, 0.020972296278733555, 0.010485351265933042, 0.02096975764811255, 0.020973553947245607, 0.020971771253010148, 0.01048534001682214, 0.020972820080590475, 0.0209709950131425, 0.020971771253010148, 0.010485497506571248, 0.010485666250838183, 0.010484763844644524]], "cpu_avg": 1.190283444807189, "latency_samples": [11000.0, 190000.0, 35000.0, 7600.0, 7200.0, 5700.0, 8700.0, 6100.0, 6900.0, 6300.0, 7800.0, 8700.0, 11000.0, 11000.0, 220000.0, 205000.0, 34000.0, 16000.0, 9600.0, 19000.0, 15500.0, 17500.0, 18000.0, 18000.0, 24000.0, 11000.0, 14000.0, 15000.0, 35000.0, 33000.0], "udp": {"jitter": 0.489835278355051, "loss": 6.050488599348534}}, "overlay": {"throughput_runs": [[0.03503210142993163, 0.02097741415611815, 0.010484942563729683, 0.020824191936042357, 0.010481850208375216, 0.02097924034107839, 0.010484376432582036, 0.020976366119587392, 0.0, 0.02098467699919191, 0.010481818981768072, 0.0209799959242758, 0.02097342892374316, 0.010481138287967779, 0.020977813137879546, 0.020971290002522444, 0.02097030257067777, 0.02097252629828394, 0.02096975764811255, 0.020977016440188352, 0.010481840215840687, 0.020973113871127706, 0.020971290002522444, 0.010484858827455689, 0.020973658968139557, 0.020969360222450235, 0.020975862148854912, 0.020966446227826775, 0.020973785244654614, 0.03146728630691334], [0.02622406661038599, 0.02469456785409991, 0.02932324551247689, 0.020577716149106588, 0.0207766189383141, 0.010482174976119222, 0.01040978504082133, 0.010293788421261277, 0.0, 0.010496150911727719, 0.010476111386478908, 0.02098675606114535, 0.010484365185562719, 0.020631916846588678, 0.010286666826633506, 0.010288611558549475, 0.010290792592705109, 0.010288940249179718, 0.010288569860493037, 0.010483925321067414, 0.010095949640585113, 0.010285206921678327, 0.010491184054294046, 0.0, 0.010485980004615881, 0.02071786110138996, 0.0, 0.02099226049174256, 0.010404146070349632, 0.02078863539673167], [0.0214294636528095, 0.013891056245799829, 0.010291863207843794, 0.013375301848009665, 0.014404703514688675, 0.014919173217857642, 0.013890084238344208, 0.00925788980935232, 0.02161710779191151, 0.01955041391326474, 0.007198745852255064, 0.013894460171875003, 0.014405812872611178, 0.013373482919939115, 0.013891403187705124, 0.013892612237635263, 0.013890667095310689, 0.013889153755594118, 0.014403566857653158, 0.01337962318754852, 0.014403163404716252, 0.008743650129684873, 0.00771719919007652, 0.014407311463984026, 0.007201257246894924, 0.013892153436377263, 0.00720159543656767, 0.013382206638523774, 0.006687129605858585, 0.013374071108106001]], "cpu_avg": 1.5694474862483352, "latency_samples": [7600.0, 9900.0, 5700.0, 9200.0, 9400.0, 220000.0, 33000.0, 34000.0, 8000.0, 6400.0, 17000.0, 11000.0, 26000.0, 15000.0, 18000.0, 14000.0, 6000.0, 9100.0, 17000.0, 130000.0, 210000.0, 210000.0, 38000.0, 18000.0, 18000.0, 14000.0, 13000.0, 8600.0, 9700.0, 16000.0], "udp": {"jitter": 1.4372065694475034, "loss": 99.10261354370965}}}