{"macvlan": {"throughput_runs": [[0.02715828662413693, 0.02554399741180828, 0.02449695062977527, 0.028675905388453972, 0.010481923903905751, 0.02097347018133419, 0.02097038756115375, 0.020973113871127706, 0.0209696326698654, 0.02096860540512295, 0.02098087792383576, 0.0, 0.010493955775898194, 0.010488046123315869, 0.0, 0.010484837581151141, 0.02098902459862852, 0.0, 0.01048921113548445, 0.0, 0.0, 0.0, 0.0209818638494145, 0.01048559250267561, 0.020973806499267052, 0.010490113681896151, 0.020966948496742185, 0.02097028257301883, 0.02097506434892113, 0.010480195454540904], [0.025351800096205534, 0.00937913789952405, 0.004691660661317864, 0.009905340218604671, 0.01042512029032325, 0.026070908849522175, 0.017717726461467288, 0.03146958481126081, 0.020671608361312658, 0.010420359142968155, 0.02085370211372107, 0.010422900033358039, 0.010425391209015476, 0.020861067753606598, 0.010481431787296392, 0.010364797498324021, 0.0208601484744412, 0.010426882756686795, 0.010426048058882384, 0.0, 0.02099095799993318, 0.0, 0.0, 0.010292177687253691, 0.02095446366484747, 0.01048152546075505, 0.0207367485590123, 0.010422327417657602, 0.020975274422014314, 0.010482573468653552], [0.02001353035751978, 0.0072982044945037, 0.004169356287770312, 0.004170936597358334, 0.008340788729994376, 0.0052126906333981185, 0.008338562508197032, 0.013555543941414585, 0.01199149061355652, 0.01615609386904905, 0.01668044299942257, 0.013029524134937395, 0.018767450318331713, 0.00938160512553977, 0.014075728697480893, 0.01355279208314787, 0.01668506433176143, 0.0187678631309933, 0.009902893935523736, 0.01564177873733903, 0.016158420243096473, 0.017200675483527907, 0.021373634214894695, 0.01616102183784843, 0.016679391201021958, 0.016161651894587768, 0.016680759161353673, 0.010944844625642776, 0.014596774418185063, 0.017200347442773618]], "cpu_avg": 1.1761018590192718, "latency_samples": [9500.0, 6800.0, 16000.0, 205000.0, 37000.0, 11000.0, 9400.0, 27000.0, 7700.0, 23000.0, 26000.0, 6700.0, 16000.0, 9400.0, 6500.0, 7300.0, 130000.0, 210000.0, 210000.0, 31500.0, 7100.0, 8700.0, 17000.0, 9400.0, 12000.0, 14000.0, 13000.0, 7750.0, 7200.0, 205000.0], "udp": {"jitter": 0.969564798337203, "loss": 3.24396782841823}}, "overlay": {"throughput_runs": [[0.016594019522438178, 0.014918426297714903, 0.01234239685135243, 0.020072987966734453, 0.015432393061771242, 0.015948654924964764, 0.020065039619982017, 0.01748890725987177, 0.021610578129907944, 0.02109466985845737, 0.020580454010364534, 0.013886930704665514, 0.02315636778285412, 0.013374565289919312, 0.015431528543979266, 0.014920515194421563, 0.014404487158287939, 0.01389073664401068, 0.013374539782867382, 0.013887445435717426, 0.0210949439835934, 0.014403105034673559, 0.020584612487695324, 0.013888847485163993, 0.021099564944413892, 0.014402658691164815, 0.014920052723280985, 0.01440273079093508, 0.02110116904448963, 0.013372078809963118], [0.01881813605421476, 0.019548888599490256, 0.0149216643814537, 0.014919605398667036, 0.009774503723279256, 0.016460758176818573, 0.020065380493127442, 0.011832991501468548, 0.010288147993283535, 0.005144964143594491, 0.015948463850611893, 0.005142803855368277, 0.00514428002461738, 0.009776487835398659, 0.010292223401806466, 0.005144516731888878, 0.010797999129085408, 0.017502977469247775, 0.01131320724511136, 0.010802512901546732, 0.0175000539185711, 0.011826699864858204, 0.018012454146888388, 0.01903969947411347, 0.01852098219201424, 0.013371651738512493, 0.012863940889664659, 0.01749062088535279, 0.019549552763397936, 0.013891069493859825], [0.023775066846005683, 0.020576050727914016, 0.01749373524809761, 0.0174920554188769, 0.011316725384386368, 0.012346024820560035, 0.018523111962512388, 0.018003647387966556, 0.01852333391078946, 0.01955025775867274, 0.014402917910373243, 0.019550179682312173, 0.02006477769374975, 0.02366565150703982, 0.016977753211485876, 0.009257306182974694, 0.018006851776442085, 0.019557689519791175, 0.008227582189840602, 0.008230189757237124, 0.01800895896678584, 0.0097710443800003, 0.017498075518116083, 0.00874480383967289, 0.016984020687847757, 0.008742399839358529, 0.01801613118721279, 0.008744174316087766, 0.008744043003057074, 0.008742889493802825]], "cpu_avg": 1.5980444474141429, "latency_samples": [33500.0, 11000.0, 8100.0, 9600.0, 6800.0, 6700.0, 11000.0, 8300.0, 8200.0, 6900.0, 6800.0, 8350.0, 70000.0, 33000.0, 19000.0, 6600.0, 7300.0, 14000.0, 11000.0, 8900.0, 7600.0, 7000.0, 11000.0, 7200.0, 7800.0, 140000.0, 34000.0, 34000.0, 6700.0, 12000.0], "udp": {"jitter": 0.19308720432684895, "loss": 99.3926282776457}}}