{"macvlan": {"throughput_runs": [[0.031733051978661074, 0.02710607207436523, 0.02606582397826615, 0.030293674131238416, 0.020969527689289048, 0.02097416283300811, 0.02097235878354691, 0.02097187625605184, 0.010479964455005316, 0.020974918050502615, 0.020971435000344516, 0.010484250217415971, 0.020974918050502615, 0.02097051254839933, 0.02097279882797724, 0.0209733451588304, 0.020972610056655967, 0.02097447791713905, 0.020973575201389257, 0.020970745028638972, 0.01048278334524055, 0.02097342892374316, 0.020971122507534183, 0.020965586679146733, 0.02097502308505799, 0.020969170263303815, 0.020978800026301928, 0.010479661049465717, 0.020976638749084398, 0.020975735847329927], [0.030764506106518517, 0.01667774119862073, 0.019291894002426358, 0.01720132750167629, 0.01928897994533199, 0.02097051254839933, 0.020789709138692918, 0.020973575201389257, 0.020973742735558975, 0.020973197634193006, 0.01048516253404483, 0.010485571253397552, 0.020969527689289048, 0.01048304445344003, 0.020972820080590475, 0.020981380884444345, 0.010484606376933348, 0.010481661602499937, 0.0209772253017051, 0.010483505484841506, 0.010482762107346591, 0.01048634753291851, 0.010489400013150964, 0.0, 0.0209849711220125, 0.010487700358991284, 0.01048584375066892, 0.010482981986179914, 0.02097307261493848, 0.020975903416019473], [0.025828341960042432, 0.01511529108864129, 0.02293966854413656, 0.015113568893035868, 0.024494404757678823, 0.016162298380009942, 0.01876684959088555, 0.018765066652470398, 0.020852326063311902, 0.00990280541029198, 0.010484773842754133, 0.020975358202338288, 0.020977834400656422, 0.010481651610325009, 0.010485885626505074, 0.020974289115590516, 0.010484533893386196, 0.020978064541705328, 0.010480907246867796, 0.02097462420941782, 0.0104845751339022, 0.010483610440745583, 0.010486787600694629, 0.010486829484069779, 0.020980583915742715, 0.010481326875010428, 0.02098068900705097, 0.010486095635742926, 0.010483526725747715, 0.02097661748873124]], "cpu_avg": 1.361670469978443, "latency_samples": [6900.0, 5900.0, 6550.0, 9900.0, 26000.0, 14000.0, 5700.0, 13000.0, 53000.0, 64000.0, 34000.0, 19000.0, 18000.0, 11666.0, 15000.0, 14000.0, 23000.0, 22000.0, 21000.0, 23000.0, 15500.0, 55000.0, 200000.0, 31500.0, 15000.0, 12000.0, 15500.0, 6600.0, 9000.0, 10000.0], "udp": {"jitter": 1.436912366661501, "loss": 3.552923760177646}}, "overlay": {"throughput_runs": [[0.0120436992575888, 0.009774640050587697, 0.008744742342480374, 0.01749203873690234, 0.016977226998586902, 0.010287850009099172, 0.017493332727037514, 0.013375287498700634, 0.014919575162981024, 0.013374659348014165, 0.015948209091929857, 0.015947745223888966, 0.015952484031324807, 0.00822883232150061, 0.00771696, 0.01749730556545997, 0.008228782308940174, 0.01646930429252982, 0.016978857352648348, 0.008228806824825212, 0.016978381673861818, 0.015952164472632837, 0.008229053953104174, 0.016464264083161356, 0.015435324866043952, 0.008743893977966804, 0.01595377666273107, 0.007715848880557095, 0.016463622252292934, 0.008744611012388924], [0.01800472683686018, 0.019034196845280436, 0.020578415264842435, 0.01646317771070473, 0.013889875613931669, 0.01337741472115288, 0.012860005646577783, 0.00719901175234955, 0.013383880270523701, 0.013375435776378645, 0.020579713047696638, 0.015942978832444256, 0.017491321442095472, 0.009771464728367863, 0.01903823300597889, 0.008744620392978924, 0.01801723040126363, 0.01749013094597955, 0.015437053929114495, 0.016973273349772673, 0.016461696078775616, 0.02026329110353093, 0.01729617847828349, 0.010484533893386196, 0.018325378537505755, 0.01903684279395651, 0.016976464047820564, 0.00822801748669871, 0.017496937305828485, 0.016977567009346387], [0.024445633323689372, 0.020063053217788344, 0.020575597014818918, 0.02643580951176631, 0.03106839030116808, 0.010482437303220122, 0.020975757105895988, 0.02062585145525704, 0.01048313940510124, 0.020974057807068132, 0.020970785025759033, 0.010483034458628384, 0.020976469918055865, 0.010487962337462596, 0.010481105816711515, 0.02097175125254999, 0.020799651033613982, 0.010284693418045414, 0.02097848481230286, 0.0208981321728244, 0.020971562500086128, 0.020975589539544058, 0.010482164982965472, 0.0209727363205409, 0.020972883838688613, 0.02097168750133784, 0.02097345017763342, 0.02097294634700429, 0.01048391532457601, 0.020976050978724174]], "cpu_avg": 1.802581351008924, "latency_samples": [19000.0, 8100.0, 9900.0, 8300.0, 8900.0, 27000.0, 20000.0, 29000.0, 7000.0, 8550.0, 8900.0, 94000.0, 38000.0, 40000.0, 9500.0, 8800.0, 17500.0, 8800.0, 6400.0, 11000.0, 15500.0, 12000.0, 9100.0, 8800.0, 150000.0, 31666.0, 35000.0, 7700.0, 18000.0, 8800.0], "udp": {"jitter": 0.3036512173588643, "loss": 98.92746866119647}}}