{"macvlan": {"throughput_runs": [[19.137989419070028, 20.7597705493363, 21.55147005694402, 20.99360394019551, 21.122785784802407, 21.0935080375185, 21.535769112395947, 21.24349133040764, 21.608127265727155, 21.069031370326474, 21.274904521947832, 21.174201230831468, 21.487083667313232, 20.63083293812149, 21.0625649592385, 18.97990889959961, 20.617787654534343, 20.50692700046645, 20.972380035268323, 20.953964368103648, 21.70103222939436, 21.171109080484328, 20.60190282581779, 21.195408663483622, 20.44383712624778, 21.155150807706256, 20.55295326129215, 20.729663006353306, 20.920178531514328, 20.719281326260376], [20.10135497132696, 21.335204284785675, 21.85147203820446, 21.267184952758225, 20.943832736125625, 21.200872283992744, 21.213647126085515, 21.817405661895176, 21.059678329502727, 21.400645301726072, 20.62145834630698, 20.936838061656726, 20.459835302660075, 20.79078048774573, 20.16581006410718, 20.282502720257778, 20.90206218332459, 21.68973584409104, 21.288392023324434, 21.094922424159723, 21.37901195120918, 21.677620450969897, 17.762326907063446, 20.906933106269026, 20.817453136237617, 21.21547194038991, 20.589723594828776, 20.847545467175202, 20.714927237634445, 20.54481567534459], [20.38795908101813, 17.33339417018615, 20.648774043379937, 20.69531051669433, 20.665077883394144, 21.4019285625789, 21.121763882562938, 20.97139500074505, 20.711488231037816, 21.324624350766182, 21.366794979438158, 21.056669940859297, 21.023550313803018, 19.78967709444415, 21.18532396413082, 21.337198931990642, 21.337646585882577, 21.074606436353108, 21.139123321348517, 21.085176768659483, 20.62887248527227, 21.71755067006966, 21.1230198976715, 21.567999900205788, 21.706695400800964, 21.046330331964626, 21.118743588470455, 20.680607151990056, 19.86096346267528, 21.41224353983085]], "cpu_avg": 165.15840880032042, "latency_samples": [124.0, 90.0, 65.0, 61.0, 69.0, 62.0, 65.0, 63.0, 64.0, 66.0, 65.0, 66.0, 65.0, 73.0, 65.0, 65.0, 66.0, 66.0, 62.0, 68.0, 68.0, 65.0, 68.0, 68.0, 65.0, 68.0, 78.0, 70.0, 66.0, 67.0], "udp": {"jitter": 0.00211693576729926, "loss": 0.0749072329406869}}, "overlay": {"throughput_runs": [[16.980411178513005, 17.326287316097975, 16.634979750264485, 16.9876612438736, 16.888271355738336, 17.22612203921194, 16.67207419234487, 16.882664289417, 16.611404271364613, 15.673864340980431, 16.899817706349776, 17.017400536105008, 17.235170450644784, 17.4791680714258, 16.805143413936957, 17.14598358189053, 16.875306263837487, 14.328878396558492, 15.916205419725394, 16.82210289517241, 16.85412423892294, 17.370741606624165, 17.475918246631903, 16.396974507600294, 16.493142971838065, 16.93582377497195, 17.307734993232675, 17.385041906972916, 17.45013461227912, 16.81274187707957], [16.696152884384222, 16.76192629722476, 17.105592723371018, 17.372705618059054, 16.339931041847635, 16.79751470694907, 17.075000229718484, 16.798607054227592, 15.836221731102322, 16.840838233487343, 16.897620466479864, 17.004740408084054, 17.2196501348363, 16.8724989854535, 16.936009530994188, 16.888134296963948, 16.772415612805002, 16.656475761147302, 17.151215189348022, 16.668940600785476, 17.002398942302687, 17.12951715701421, 16.737666304728055, 15.8207335780807, 15.6040590398396, 16.6795255965124, 16.881397427083648, 16.76201024955021, 16.75312895938244, 16.98941117450628], [17.180577561802345, 17.105490273281745, 17.42510217063018, 16.72530559106723, 17.155733079305683, 17.330362327252693, 17.46226573853656, 16.94014356547209, 15.785930506669805, 17.002037158569916, 16.80874040589307, 16.91667782353862, 17.578159176824663, 17.178636827741148, 17.31467305083515, 17.28521715965275, 17.08749890199933, 14.577888724796525, 16.943378372945553, 17.178344117938394, 17.13599420743745, 17.07250751483885, 17.04403010774644, 15.892248041090841, 17.107269936790782, 17.27882284915722, 16.997552719834317, 17.036429410367113, 16.72048844935206, 16.56340961053054]], "cpu_avg": 167.5435862121602, "latency_samples": [76.0, 75.0, 72.0, 75.0, 76.0, 76.0, 76.0, 95.0, 74.0, 79.0, 75.0, 76.0, 75.0, 72.0, 75.0, 73.0, 74.0, 76.0, 75.0, 72.0, 85.0, 90.0, 75.0, 75.0, 71.0, 71.0, 69.0, 70.0, 69.0, 70.0], "udp": {"jitter": 0.003316962119167107, "loss": 0.047146587094367774}}}